name,time

NARENDRA DOWNLOAD ,23:11:59
NARENDRA DOWNLOAD ,23:11:59
NARENDRA DOWNLOAD ,23:12:00
NARENDRA DOWNLOAD ,23:12:00
NARENDRA DOWNLOAD ,23:12:00
NARENDRA DOWNLOAD ,23:12:01
NARENDRA DOWNLOAD ,23:12:01
NARENDRA DOWNLOAD ,23:12:02
NARENDRA DOWNLOAD ,23:12:02
NARENDRA DOWNLOAD ,23:12:02
NARENDRA DOWNLOAD ,23:12:03
NARENDRA DOWNLOAD ,23:12:03
NARENDRA DOWNLOAD ,23:12:04
NARENDRA DOWNLOAD ,23:12:04
NARENDRA DOWNLOAD ,23:12:05
NARENDRA DOWNLOAD ,23:12:06
NARENDRA DOWNLOAD ,23:12:06
NARENDRA DOWNLOAD ,23:12:11
NARENDRA DOWNLOAD ,23:12:11
NARENDRA DOWNLOAD ,23:12:12
NARENDRA DOWNLOAD ,23:13:51
NARENDRA DOWNLOAD ,23:13:52
NARENDRA DOWNLOAD ,23:13:52
NARENDRA DOWNLOAD ,23:13:53
NARENDRA DOWNLOAD ,23:13:53
NARENDRA DOWNLOAD ,23:13:53
NARENDRA DOWNLOAD ,23:13:54
NARENDRA DOWNLOAD ,23:13:54
NARENDRA DOWNLOAD ,23:13:54
NARENDRA DOWNLOAD ,23:13:55
NARENDRA DOWNLOAD ,23:13:55
NARENDRA DOWNLOAD ,23:13:56